{
    "C++_Basic": 6.123175,
    "C++_O3": 3.005288,
    "C++_ikj": 2.129091,
    "C++_Unroll_O3": 0.195259,
    "C++_MKL": 0.031555,
    "Python_Basic": "86.5"
}